topic,content
"TSH Safety Core Activity ; SCA","[ภาพรวมระบบ] TSH Safety Core Activity หรือ SCA คือระบบบริหารกิจกรรมความปลอดภัยภายในองค์กร ใช้สำหรับดู Dashboard ติดตามงาน รายงานเหตุการณ์ บันทึกกิจกรรม ตรวจสอบประวัติ และบริหารข้อมูลตามสิทธิ์ ระบบ Production อยู่ที่ https://dev.tshpcl.com/safety/tsh-safety-core ผู้ใช้จะเห็นเมนู ปุ่ม และข้อมูลตาม Role แผนก หน่วยงาน Safety Unit ตำแหน่ง และงานที่ได้รับมอบหมาย

[การเข้าสู่ระบบ] เปิดหน้า SCA แล้วกรอกรหัสพนักงานและรหัสผ่าน จากนั้นกดเข้าสู่ระบบ หากข้อมูลถูกต้องระบบจะเปิด Dashboard หากเข้าไม่ได้ให้ตรวจรหัสพนักงาน รหัสผ่าน ภาษาแป้นพิมพ์ Caps Lock และช่องว่างก่อนหรือหลังข้อความ หลีกเลี่ยงการลองซ้ำจำนวนมากเพราะระบบจำกัดความถี่เพื่อความปลอดภัย ห้ามบอกรหัสผ่านแก่บุคคลอื่นหรือ Chatbot

[การเข้าสู่ระบบครั้งแรก] บัญชีพนักงานเดิมที่ยังอยู่ในโหมดรหัสผ่านเริ่มต้นสามารถใช้รหัสพนักงานของตนเป็นรหัสผ่านครั้งแรก เมื่อเข้าสู่ระบบสำเร็จระบบจะให้ตั้งรหัสผ่านใหม่ หากบัญชีเคยตั้งรหัสผ่านแล้วต้องใช้รหัสผ่านที่ตั้งไว้ ไม่ใช่รหัสพนักงาน

[ลืมรหัสผ่าน] ที่หน้า Login กดลืมรหัสผ่านได้ทันทีโดยไม่ต้องเข้าสู่ระบบ กรอกรหัสพนักงานแล้วกดส่งลิงก์ตั้งรหัสผ่านใหม่ ระบบจะแสดงข้อความตอบกลับแบบเดียวกันทุกบัญชีเพื่อไม่เปิดเผยว่าบัญชีมีอยู่หรือมีอีเมลหรือไม่ หากบัญชีมีอีเมลที่ถูกต้อง ระบบจะส่งลิงก์ไปยังอีเมลที่บันทึกไว้ ผู้ใช้ที่ไม่มีอีเมลที่ถูกต้องจะรีเซตด้วยตนเองไม่ได้และต้องติดต่อ Safety หรือ Admin

[ลิงก์ตั้งรหัสผ่านใหม่] ลิงก์มีอายุ 30 นาทีและใช้ได้ครั้งเดียว เมื่อขอลิงก์ใหม่ ลิงก์เก่าที่ยังค้างจะถูกแทนที่ เมื่อเปลี่ยนรหัสผ่านสำเร็จแล้วลิงก์เดิมจะใช้ซ้ำไม่ได้ หากหมดอายุหรือใช้แล้วให้ขอลิงก์ใหม่จากหน้า Login

[ไม่ได้รับอีเมลรีเซตรหัสผ่าน] ตรวจ Inbox, Spam, Junk และ Promotions รอสักครู่และตรวจว่ากรอกรหัสพนักงานถูกต้อง ระบบจะไม่แสดงอีเมลปลายทางเพื่อความปลอดภัย หากยังไม่ได้รับ อีเมลในข้อมูลพนักงานอาจไม่มีหรือไม่ถูกต้อง ให้ติดต่อ Safety หรือ Admin และไม่ควรขอลิงก์ซ้ำถี่ๆ

[ตั้งรหัสผ่านใหม่] เปิดอีเมลจาก TSH Safety Core แล้วกดปุ่มหรือลิงก์ตั้งรหัสผ่านใหม่ กรอกรหัสผ่านใหม่และยืนยันให้ตรงกัน ระบบกำหนดอย่างน้อย 4 ตัวอักษร แต่ควรใช้รหัสที่ยาวและเดายาก ผสมตัวพิมพ์เล็ก ตัวพิมพ์ใหญ่ ตัวเลข และสัญลักษณ์ หลังสำเร็จให้กลับไปหน้า Login และใช้รหัสผ่านใหม่

[เปลี่ยนรหัสผ่านขณะเข้าสู่ระบบ] เปิดโปรไฟล์ เลือกแท็บเปลี่ยนรหัสผ่าน กรอกรหัสผ่านปัจจุบัน รหัสผ่านใหม่ และยืนยันรหัสผ่านใหม่ จากนั้นกดบันทึก วิธีนี้ต้องเข้าสู่ระบบได้ก่อน

[ข้อมูลส่วนตัวและ Company Email] กดชื่อหรือไอคอนผู้ใช้เพื่อเปิดโปรไฟล์ ผู้ใช้สามารถดูรหัสพนักงาน ชื่อ แผนก หน่วยงาน ตำแหน่ง Role และ Company Email รวมทั้งแก้ไขข้อมูลที่ระบบอนุญาต หากต้องการเพิ่มหรือเปลี่ยน Company Email ให้กรอกอีเมลใหม่และรหัสผ่านปัจจุบัน แล้วกดส่งลิงก์ยืนยัน จากนั้นเปิดกล่องจดหมายของอีเมลใหม่และกดลิงก์ภายใน 24 ชั่วโมง อีเมลจะเปลี่ยนหลังยืนยันสำเร็จเท่านั้น ก่อนยืนยันอีเมลเดิมยังคงใช้งานอยู่

[กติกา Company Email] หน้าโปรไฟล์รับอีเมลรูปแบบถูกต้องจากผู้ให้บริการทั่วไป เช่น Gmail, Outlook หรืออีเมลองค์กร ไม่จำกัดเฉพาะโดเมนบริษัท อีเมลหนึ่งรายการต้องไม่ถูกใช้หรืออยู่ระหว่างยืนยันกับบัญชีอื่น ลิงก์ยืนยันมีอายุ 24 ชั่วโมงและใช้ได้ครั้งเดียว หากไม่ได้รับให้ตรวจ Inbox, Spam, Junk และ Promotions ผู้ใช้สามารถส่งลิงก์ใหม่หรือยกเลิกคำขอที่รอดำเนินการได้ การส่งใหม่ทำให้ลิงก์เก่าใช้ไม่ได้ กติกาอีเมลในแบบฟอร์มสมัครสมาชิกอาจต่างจากการแก้ไขในโปรไฟล์ ให้ยึดข้อความที่แบบฟอร์มแสดง

[สมัครบัญชีใหม่] หากยังไม่มีบัญชีให้กดสมัครสมาชิกที่หน้า Login กรอกข้อมูลตามแบบฟอร์มและส่งคำขอ จากนั้นรอ Admin ตรวจสอบ การสมัครใหม่ไม่ใช่วิธีแก้กรณีลืมรหัสผ่านหรือบัญชีเดิมเข้าไม่ได้ หากเคยมีบัญชีแล้วให้ใช้ลืมรหัสผ่านหรือติดต่อ Admin

[สิทธิ์และความปลอดภัย] ระบบควบคุมสิทธิ์ตาม Role เช่น Admin, User และ Viewer รวมถึงขอบเขตองค์กร ผู้ใช้แต่ละคนอาจเห็นเมนู ปุ่ม หรือข้อมูลไม่เหมือนกัน หากไม่เห็นเมนูหรือทำรายการไม่ได้ ห้ามใช้บัญชีผู้อื่น ให้ติดต่อ Safety หรือ Admin เมื่อต้องใช้เครื่องส่วนกลางให้กดออกจากระบบทุกครั้ง ห้ามแชร์รหัสผ่าน ลิงก์รีเซต หรือลิงก์ยืนยันอีเมล หากสงสัยว่าบัญชีถูกใช้โดยผู้อื่นให้เปลี่ยนรหัสผ่านและแจ้ง Safety หรือ Admin

[การใช้งานบนมือถือ] SCA รองรับคอมพิวเตอร์ แท็บเล็ต และโทรศัพท์ เมนูหลักบนมือถืออยู่ที่แถบนำทางและเมนูเพิ่มเติม ตารางบางหน้าจะแสดงเป็นการ์ดเพื่ออ่านง่าย หากหน้าค้างหรือแสดงรุ่นเก่าให้ Refresh หรือปิดแล้วเปิดหน้าใหม่ และตรวจว่ารายการเดิมถูกบันทึกแล้วก่อนกรอกหรือส่งซ้ำ

[Dashboard และ Safety 360] Dashboard ใช้ดูภาพรวมกิจกรรม KPI ความคืบหน้า Compliance และรายการที่ต้องติดตาม ข้อมูลมาจากโมดูลต้นทางและขึ้นกับปี แผนก หน่วยงาน และสิทธิ์ หากต้องการแก้ข้อมูลให้แก้ที่โมดูลต้นทาง Safety 360 ใช้ค้นหาพนักงานด้วยรหัสหรือชื่อเพื่อดูเป้าหมาย กิจกรรม Compliance Timeline และข้อมูลความปลอดภัยตามปีและสิทธิ์ หากค้นหาไม่พบให้ตรวจการสะกด ปีที่เลือก และสิทธิ์

[นโยบายและคณะกรรมการ] โมดูลนโยบายความปลอดภัยใช้ดูประกาศ นโยบาย เอกสารอ้างอิง และไฟล์แนบ ควรตรวจวันที่และเวอร์ชันก่อนอ้างอิง โมดูลคณะกรรมการใช้ดูรายชื่อ ตำแหน่ง บทบาท และผู้ประสานงานด้านความปลอดภัย ไม่ใช่ Workflow อนุมัติแทนโมดูลอื่น

[Safety Patrol] ใช้จัดรอบหรือแผนตรวจ เช็คอิน บันทึกประเด็น แนบรูป และติดตามการแก้ไขจนปิดงาน การมองเห็นรอบ ทีม พื้นที่ และการจัดการขึ้นกับสิทธิ์และการมอบหมาย ควรตรวจรอบและสถานะก่อนส่งซ้ำ

[CCCF Activity] ใช้บริหารงานตรวจหรือกิจกรรม CCCF รวมถึง Form A, Worker และ Permanent ตาม Workflow ผู้รับมอบหมายกรอกหรือส่งข้อมูล ส่วน Safety หรือ Admin ตรวจติดตามตามสิทธิ์ หากไม่เห็นงานให้ตรวจการมอบหมายและขอบเขตพนักงาน

[Machine and Device Safety] ใช้บันทึกและติดตามรายการตรวจเครื่องจักรหรืออุปกรณ์ ประเด็นที่ต้องแก้ สถานะ และผู้รับผิดชอบ ผู้ใช้เห็นหรือแก้ไขได้ตามบทบาทและขอบเขต

[Forklift License] ใช้สร้างคำขอ ตรวจหลักฐาน อนุมัติ ออกหรือพิมพ์บัตรใบอนุญาตรถยก และติดตามวันหมดอายุ ผู้ขอ ผู้ตรวจ และ Admin มีขั้นตอนต่างกัน หากข้อมูลพนักงานหรือหลักฐานไม่ครบให้แก้ที่ต้นทางก่อนส่ง

[Stop-Call-Wait และ OJT] ใช้บันทึกกิจกรรมย้ำเตือนความปลอดภัยและ OJT ที่เกี่ยวข้องก่อนหรือระหว่างทำงาน หัวหน้างานและผู้ใช้ดำเนินการตามสิทธิ์และแผนก และต้องบันทึกให้ตรงกับกิจกรรมจริง

[Safety Training] ใช้ดูและบริหารหลักสูตร การอบรม ผลสอบ ประวัติการฝึกอบรม การมอบหมาย และสถานะผ่าน ผู้ใช้ค้นหาข้อมูลตามสิทธิ์ ส่วน Admin บริหารหลักสูตรและรายงาน การแก้หลักสูตรหรือประวัติต้องรักษาข้อมูลเดิมตามกติกา

[Accident Report] ใช้บันทึกอุบัติเหตุ ประเภท ความรุนแรง ผู้เกี่ยวข้อง สาเหตุ การแก้ไข CAPA ไฟล์แนบ และรายงาน PDF การนับ Recordable ใช้สถานะ Recordable ที่ระบุชัด ไม่ควรอนุมานจากชื่อประเภทหรือจำนวนวันหยุด ผู้ใช้ควรบันทึกข้อเท็จจริง

[Safety Culture] ใช้ติดตามกิจกรรมวัฒนธรรมความปลอดภัย แบบประเมิน การตรวจ PPE พฤติกรรม และรายงาน ข้อมูลและปุ่มที่เห็นขึ้นกับสิทธิ์ แผนก และประเภทกิจกรรม

[BBS Smart Card] ใช้บันทึกการสังเกตพฤติกรรม Safe, Unsafe หรือ N/A ผ่านแบบตรวจ บัตร และ QR รวมทั้งติดตาม Corrective Action และสถิติ QR เป็นตัวชี้ตำแหน่งรายการ ไม่ใช่การยืนยันตัวตน ผู้ใช้ยังต้องเข้าสู่ระบบและผ่านการตรวจสิทธิ์

[Contractor และ Supplier] โมดูล Contractor / Supplier E-Pass ใช้ตรวจข้อมูลผู้รับเหมา เอกสาร สถานะ และขั้นตอนก่อนเข้าพื้นที่ โดยทั่วไปเป็นงานของ Admin หรือ Safety ให้ยึดสถานะล่าสุดและเอกสารที่ระบบแสดง

[Hiyari-Hatto หรือ Near-Miss] ใช้รายงานเหตุเกือบเกิดอุบัติเหตุหรือสภาพเสี่ยง ระบุพื้นที่ รายละเอียด ระดับความเสี่ยง และหลักฐาน แล้วติดตามการมอบหมายและปิดงานตาม Workflow การรายงาน Near-Miss ช่วยป้องกันอุบัติเหตุก่อนเกิดจริง

[KY Activity] ใช้ทำกิจกรรมคาดการณ์อันตรายก่อนเริ่มงาน ระบุอันตราย มาตรการ ผู้เข้าร่วม และหลักฐาน แล้วส่งตรวจตาม Workflow วิดีโอหรือหลักฐานภายนอกจะนับตามสถานะและกติกา รายการ Pending ยังไม่ถือว่าผ่านการตรวจ

[Yokoten] ใช้เผยแพร่และตอบสนองบทเรียนความปลอดภัยจากอุบัติเหตุ Near-Miss หรือประเด็นสำคัญไปยังแผนกเป้าหมาย Admin หรือ Safety สร้างหัวข้อและกำหนดขอบเขต ส่วนผู้รับผิดชอบตอบกลับพร้อมหลักฐาน

[4M Change Management] ใช้บริหารการเปลี่ยนแปลง Man, Machine, Material และ Method ตั้งแต่ Change Notice, Action Plan, ผู้รับผิดชอบ เอกสาร การอบรม และ Training Matrix การมองเห็นและอนุมัติขึ้นกับบทบาท ไม่ควรลบหรือสร้างข้อมูลใหม่แทนประวัติเดิมโดยไม่จำเป็น

[Johnny AI] เป็นผู้ช่วยค้นข้อมูลความปลอดภัยและวิเคราะห์เบื้องต้นจากฐานความรู้หรือข้อมูลที่ระบบอนุญาต คำตอบ AI ไม่แทนการอนุมัติ คำสั่งหัวหน้างาน การประเมินโดย Safety หรือขั้นตอนฉุกเฉิน หากเป็นเหตุเร่งด่วนให้หยุดงาน แจ้งหัวหน้างานหรือ Safety และทำตามแผนฉุกเฉิน

[System Console และ Employee Master] เป็นพื้นที่ Admin สำหรับจัดการ Employee Master สิทธิ์ Master Data เป้าหมาย การตั้งค่า Branding Audit และข้อมูลระบบ Employee Master แสดง Company Email และ Email Readiness และแสดงเป็นการ์ดบนมือถือ ผู้ใช้ทั่วไปไม่ควรแก้ข้อมูลของผู้อื่น หากข้อมูลผิดให้แจ้ง Admin

[รายงานและไฟล์แนบ] หลายโมดูลรองรับ PDF, Excel และไฟล์แนบตามสิทธิ์ ก่อนส่งออกให้ตรวจปี ตัวกรอง แผนก สถานะ และข้อมูลต้นทาง หากไฟล์ไม่เปิดให้ตรวจ Popup, Download permission, เครือข่าย และลอง Refresh โดยไม่กดส่งรายการธุรกิจซ้ำ

[แก้ปัญหาหน้าเว็บ] หากหน้าค้างหรือข้อมูลเก่า ให้ Refresh ตรวจอินเทอร์เน็ต และใช้ Chrome หรือ Edge รุ่นปัจจุบัน หากเพิ่งอัปเดตให้ปิดแท็บแล้วเปิดใหม่ หากมีฟอร์มที่กำลังกรอกให้ตรวจว่าบันทึกแล้วหรือไม่ก่อน Refresh หากยังมีปัญหาให้แจ้ง URL เมนู เวลา รหัสพนักงาน และภาพหน้าจอแก่ Safety หรือ Admin โดยปิดบังรหัสผ่านและข้อมูลลับ

[กติกาสำหรับ Chatbot] Chatbot ต้องตอบตามสิทธิ์และข้อมูลที่ยืนยันได้ ห้ามขอหรือแสดงรหัสผ่าน Token ลิงก์รีเซต SMTP secret หรือข้อมูลส่วนบุคคลของผู้อื่น หากเป็นเรื่องอนุมัติ เปลี่ยนสิทธิ์ ข้อมูลไม่ตรง เหตุฉุกเฉิน หรือสิ่งที่ระบบยืนยันไม่ได้ ให้แนะนำติดต่อ Safety, Admin หรือหัวหน้างาน และห้ามกล่าวว่าดำเนินการสำเร็จหากไม่ได้รับผลยืนยันจากระบบ"
